{
  "name": "tutorbook-backend",
  "version": "1.0.0",
  "description": "Tutor Booking System Backend API",
  "main": "dist/server.js",
  "scripts": {
    "dev": "nodemon src/server.ts",
    "build": "tsc",
    "start": "node dist/server.js",
    "migrate": "prisma migrate deploy",
    "migrate:dev": "prisma migrate dev",
    "seed": "ts-node prisma/seed.ts",
    "prisma:generate": "prisma generate",
    "prisma:studio": "prisma studio",
    "test": "jest --coverage",
    "test:unit": "jest --testPathPattern=tests/unit --coverage",
    "test:integration": "jest --testPathPattern=tests/integration --coverage",
    "test:system": "jest --testPathPattern=tests/system --coverage",
    "test:watch": "jest --watch",
    "test:e2e": "jest --testPathPattern=tests/e2e",
    "test:performance": "jest --testPathPattern=tests/performance",
    "test:security": "jest --testPathPattern=tests/security",
    "test:coverage": "jest --coverage --coverageReporters=text --coverageReporters=lcov",
    "lint": "eslint . --ext .ts",
    "format": "prettier --write \"src/**/*.ts\""
  },
  "keywords": [
    "tutor",
    "booking",
    "education",
    "scheduling"
  ],
  "author": "",
  "license": "MIT",
  "dependencies": {
    "@prisma/client": "^5.7.0",
    "bcryptjs": "^2.4.3",
    "compression": "^1.7.4",
    "cors": "^2.8.5",
    "csv-writer": "^1.6.0",
    "dotenv": "^16.3.1",
    "express": "^4.18.2",
    "express-rate-limit": "^7.1.5",
    "express-validator": "^7.0.1",
    "helmet": "^7.1.0",
    "jsonwebtoken": "^9.0.2",
    "morgan": "^1.10.0",
    "multer": "^1.4.5-lts.1",
    "node-cron": "^3.0.3",
    "nodemailer": "^6.9.7",
    "swagger-jsdoc": "^6.2.8",
    "swagger-ui-express": "^5.0.0",
    "winston": "^3.11.0"
  },
  "devDependencies": {
    "@types/bcryptjs": "^2.4.6",
    "@types/bull": "^4.10.0",
    "@types/compression": "^1.7.5",
    "@types/cors": "^2.8.17",
    "@types/express": "^4.17.21",
    "@types/jest": "^29.5.11",
    "@types/jsonwebtoken": "^9.0.5",
    "@types/morgan": "^1.9.9",
    "@types/multer": "^1.4.11",
    "@types/node": "^20.19.25",
    "@types/node-cron": "^3.0.11",
    "@types/nodemailer": "^6.4.14",
    "@types/supertest": "^6.0.2",
    "@types/swagger-jsdoc": "^6.0.4",
    "@types/swagger-ui-express": "^4.1.6",
    "@typescript-eslint/eslint-plugin": "^6.15.0",
    "@typescript-eslint/parser": "^6.15.0",
    "eslint": "^8.56.0",
    "jest": "^29.7.0",
    "nodemon": "^3.0.2",
    "prettier": "^3.1.1",
    "prisma": "^5.7.0",
    "supertest": "^6.3.3",
    "ts-jest": "^29.1.1",
    "ts-node": "^10.9.2",
    "typescript": "^5.3.3"
  }
}
