{
  "name": "tutor-booking-frontend",
  "version": "1.0.0",
  "private": true,
  "type": "module",
  "scripts": {
    "dev": "vite",
    "build": "tsc && vite build",
    "preview": "vite preview",
    "test": "vitest run --coverage",
    "test:watch": "vitest",
    "test:ui": "vitest --ui",
    "lint": "eslint src --ext ts,tsx --report-unused-disable-directives --max-warnings 0"
  },
  "dependencies": {
    "axios": "^1.6.0",
    "react": "^18.2.0",
    "react-dom": "^18.2.0",
    "react-router-dom": "^6.20.0",
    "react-toastify": "^11.0.5"
  },
  "optionalDependencies": {
    "@testing-library/jest-dom": "^6.1.5",
    "@testing-library/react": "^14.1.2",
    "@testing-library/user-event": "^14.5.1"
  },
  "devDependencies": {
    "@testing-library/jest-dom": "^6.9.1",
    "@testing-library/react": "^16.3.0",
    "@testing-library/user-event": "^14.6.1",
    "@types/react": "^18.2.37",
    "@types/react-dom": "^18.2.15",
    "@typescript-eslint/eslint-plugin": "^6.10.0",
    "@typescript-eslint/parser": "^6.10.0",
    "@vitejs/plugin-react": "^4.2.0",
    "@vitest/coverage-v8": "^1.6.1",
    "@vitest/ui": "^1.6.1",
    "autoprefixer": "^10.4.16",
    "eslint": "^8.53.0",
    "eslint-plugin-react-hooks": "^4.6.0",
    "eslint-plugin-react-refresh": "^0.4.4",
    "jsdom": "^23.2.0",
    "postcss": "^8.4.31",
    "tailwindcss": "^3.3.5",
    "typescript": "^5.2.2",
    "vite": "^5.0.0",
    "vitest": "^1.6.1"
  }
}
